account_id,account_type,company_id,currency_code,opening_date,branch_id,routing_number,balance
ACC001,Savings,COMP436,USD,2021-05-10,28,2084,157086.51
ACC002,Investment,COMP431,CAD,2022-06-15,27,2506,161437.62
ACC003,Checking,COMP318,EURO,2022-06-28,19,1772,236317.55
ACC004,Savings,COMP494,CAD,2022-07-30,17,1594,217195.53
ACC005,Savings,COMP484,EUR,2022-12-15,29,1288,257160.26
ACC006,Savingss,COMP274,EUR,2021-06-05,30,2569,79369.96
ACC007,Investment,COMP303,EUR,2021-12-28,28,2399,296330.01
ACC008,Investment,COMP036,USD,2023-05-02,22,1326,91870.92
ACC009,Checking,COMP396,EUR,2023-02-03,22,1097,214806.25
ACC010,Savings,COMP071,USD,2023-09-07,12,2489,323166.85
ACC011,Investment,COMP483,USD,2022-10-29,23,1666,216151.26
ACC012,Checking,COMP046,EURO,2023-10-29,10,2700,190443.85
ACC013,Checking,COMP156,CAD,2023-05-18,30,2935,219852.05
ACC014,Investment,COMP398,USD,2022-12-28,21,2983,123369.26
ACC015,Checking,COMP354,USD,2022-07-26,26,2101,24267.7
ACC016,Investment,COMP094,CAD,2021-02-06,22,2937,177818.8
ACC017,Checking,COMP423,CAD,2022-04-24,13,1127,171615.2
ACC018,Savings,COMP333,USD,2021-10-23,23,2481,16266.04
ACC019,Savings,COMP385,USD,2021-10-11,10,1257,250485.27
ACC020,Investment,COMP078,CAD,2021-04-26,16,2295,316224.81
ACC021,Investment,COMP371,USD,2023-05-26,22,-1694,35148.74
ACC022,Checking,COMP361,CAD,2023-04-08,30,1322,199424.78
ACC023,Investment,COMP377,EUR,2021-06-29,10,1488,165121.47
ACC024,Investment,COMP001,EUR,2022-08-01,10,2065,173734.46
ACC025,Checking,COMP133,USD,2021-12-26,18,1067,19198.89
ACC026,Savings,COMP231,CAD,2023-09-19,18,1326,324890.94
ACC027,Savings,COMP127,EUR,2021-09-19,11,1585,125876.61
ACC028,Savings,COMP307,EUR,2023-11-03,29,1611,310403.62
ACC029,Checking,COMP037,CAD,2021-05-20,14,2569,283283.59
ACC030,Investment,COMP195,EUR,2022-10-04,24,2447,257716.88
ACC031,Checking,COMP204,CAD,2023-03-03,19,1057,1929.39
ACC032,Checking,COMP283,CAD,2022-04-20,12,1379,104571.87
ACC033,Checking,COMP153,CAD,2021-05-09,18,1734,207119.24
ACC034,Investment,COMP014,CAD,2023-06-24,24,1313,254308.69
ACC035,Checking,COMP392,EUR,2021-01-10,29,2665,137321.25
ACC036,Investment,COMP111,CAD,2021-10-20,20,2750,383244.5
ACC037,Checking,COMP247,USD,2021-09-21,17,2696,184576.42
ACC038,Savings,COMP162,USD,2023-05-27,20,2269,374325.51
ACC039,Checking,COMP245,CAD,2021-11-10,26,2144,131935.68
ACC040,Checking,COMP025,USD,2022-06-13,15,2054,340813.75
ACC041,Checking,COMP172,USD,2021-06-25,18,1141,24214.6
ACC042,Investment,COMP276,CAD,2021-08-28,28,2706,160661.62
ACC043,Investment,COMP498,CANADA,2021-01-09,22,1423,191208.06
ACC044,Investment,COMP066,USD,2022-11-04,10,2520,28736.63
ACC045,Checking,COMP093,CAD,2022-03-16,22,1350,168528.91
ACC046,Investment,COMP484,EUR,2023-08-16,22,2753,390588.83
ACC047,Investment,COMP125,EUR,2022-10-21,24,1934,100843.05
ACC048,Checking,COMP443,USD,2022-03-28,15,1552,130125.43
ACC049,Investment,COMP074,EUR,2021-06-17,21,1596,349583.14
ACC050,Checking,COMP100,EURO,2021-05-31,20,2460,72534.57
ACC051,Checking,COMP368,EUR,2021-12-09,10,1823,171561.08
ACC052,Checking,COMP013,EUR,2023-09-08,22,2859,291074.46
ACC053,Investment,COMP133,CAD,2021-03-23,29,1754,20978.27
ACC054,Investment,COMP214,EUR,2021-09-26,20,1483,280473.19
ACC055,Investment,COMP336,CAN,2021-06-22,25,2997,355600.67
ACC056,Savings,COMP238,CAD,2023-04-20,12,2736,204465.61
ACC057,Checking,COMP262,EUR,2022-07-16,12,1428,203894.41
ACC058,Investment,COMP487,CAD,2023-12-07,10,2805,244608.28
ACC059,Investment,COMP235,EUR,2021-05-28,10,2975,382280.2
ACC060,Checking,COMP347,EUR,2022-06-14,30,2041,385235.25
ACC061,Checking,COMP286,USD,2022-03-12,27,1276,265126.56
ACC062,Checking,COMP162,CAD,2021-11-19,30,2874,149358.69
ACC063,Savings,COMP373,CAD,2021-08-22,13,2940,183496.26
ACC064,Savings,COMP473,EUR,2023-03-14,25,2089,318497.18
ACC065,Checking,COMP400,CAD,2022-09-09,10,2027,255729.04
ACC066,Checking,COMP373,CAN,2021-12-19,21,2355,8959.15
ACC067,Checking,COMP375,CAD,2022-04-19,17,2873,224492.35
ACC068,Checking,COMP362,USD,2022-10-12,16,2842,69449.95
ACC069,Savings,COMP203,USD,2022-04-30,23,1263,192359.74
ACC070,Investment,COMP338,CAN,2021-07-23,21,2092,38438.26
ACC071,Savings,COMP451,USD,2022-07-27,21,2095,73740.33
ACC072,Checking,COMP414,CAD,2021-05-14,18,1901,329659.21
ACC073,Investment,COMP261,CAD,2022-07-04,16,2750,178137.84
ACC074,Savings,COMP334,EUR,2023-07-07,19,2628,372126.71
ACC075,Investment,COMP224,USD,2023-07-21,12,2833,153720.97
ACC076,Investment,COMP138,CAD,2021-11-14,21,1223,215211.89
ACC077,Investment,COMP098,EUR,2021-08-28,13,2511,43006.4
ACC078,Checking,COMP023,EUR,2022-08-26,12,1759,217630.68
ACC079,Investment,COMP406,$USD,2021-07-28,30,1016,50714.45
ACC080,Investment,COMP466,EUR,2023-08-28,16,1316,96790.75
ACC081,Investment,COMP144,EURO,2022-11-23,25,2795,389633.03
ACC082,Savings,COMP044,USD,2021-03-21,16,2538,27495.97
ACC083,Savings,COMP044,USD,2022-08-09,26,2018,122952.32
ACC084,Savings,COMP364,EUR,2023-05-16,25,2910,12598.99
ACC085,Savings,COMP059,USD,2021-08-12,13,1673,47031.5
ACC086,Investment,COMP060,EUR,2023-01-06,10,2517,53758.11
ACC087,Investment,COMP065,CAD,2022-12-23,11,1721,111935.79
ACC087,Investment,COMP065,CAD,2022-12-23,11,1721,111935.79
ACC088,Savings,COMP080,USD,2022-09-09,26,1415,318810.21
ACC089,Savings,COMP411,CAD,2021-08-24,28,2657,341358.95
ACC090,Checking,COMP210,CAD,2023-12-26,11,2939,33565.94
ACC091,Investment,COMP437,CAD,2021-07-27,19,2747,268947.66
ACC092,Investment,COMP371,EUR,2022-11-12,28,1393,136065.86
ACC093,Checking,COMP267,EUR,2023-07-30,23,2885,57142.62
ACC094,Savings,COMP018,USD,2021-04-20,27,2533,112428.03
ACC095,Checking,COMP406,EUR,2021-04-17,22,2510,205908.47
ACC096,Checking,COMP225,USD,2022-01-09,24,1035,399791.8
ACC097,Investment,COMP204,CAD,2023-07-09,21,1148,22638.24
ACC098,Investment,COMP377,CAD,2022-03-09,10,2999,374936.56
ACC099,Savings,COMP125,USD,2022-12-14,22,2451,123090.53
ACC100,Savings,COMP468,USD,2022-03-25,18,1627,304216.79
ACC101,"",COMP155,USD,2022-06-22,13,1619,50631.37
ACC102,Checking,COMP324,EUR,2022-11-05,30,1604,192596.46
ACC103,Investment,COMP288,CAD,2021-02-18,21,1120,115054.94
ACC104,Savings,COMP186,CAD,2022-04-24,21,1992,12859.19
ACC105,Savings,COMP367,USD,2022-11-01,13,2569,109726.14
ACC106,Investment,COMP397,USD,2022-09-28,24,1042,93606.22
ACC107,Investment,COMP461,EUR,2023-08-27,28,1153,202089.12
ACC108,Checking,COMP422,USD,2022-06-22,20,2067,220955.94
ACC109,Savings,COMP006,CAD,2022-10-29,29,2838,326767.86
ACC110,Checking,COMP208,EUR,2023-09-05,21,1684,92652.41
ACC111,Checking,COMP419,EUR,2021-02-08,22,2693,271485.05
ACC112,Savings,COMP327,EUR,2023-03-27,17,2712,20269.45
ACC113,Savings,COMP439,EUR,2021-04-12,12,1988,390316.21
ACC114,Checking,COMP344,USD,2021-10-23,20,1041,110410.31
ACC115,Checking,COMP235,EUR,2021-08-04,19,2602,65907.2
ACC116,Investment,COMP278,USD,2021-01-23,20,1051,371081.26
ACC117,Savings,COMP409,EUR,2021-12-04,17,2790,186861.95
ACC118,Checking,COMP456,CAD,2023-06-24,10,2984,321618.4
ACC119,Investment,COMP014,USD,2023-11-19,14,1015,362128.33
ACC120,Investment,COMP142,USD,2022-12-07,11,1444,314239.27
ACC121,Investment,COMP178,EUR,2021-03-08,30,1581,126399.51
ACC122,Savings,COMP238,CAD,2023-11-19,16,2888,5578.89
ACC123,"",COMP421,CAD,2023-03-08,20,2698,356437.24
ACC124,Checking,COMP205,CAD,2022-06-25,13,2434,316489.59
ACC125,Investment,COMP358,CAD,2021-08-19,26,1586,371672.57
ACC126,Savings,COMP456,CAD,2021-08-07,16,1851,229599.61
ACC127,Savings,COMP120,EUR,2021-12-21,21,1412,331858.53
ACC128,Savings,COMP387,EUR,2023-06-16,10,2846,228015.4
ACC129,Checking,COMP481,USD,2022-02-20,12,2289,215553.81
ACC130,Savings,COMP335,CAD,2021-12-24,17,2408,224988.48
ACC131,Checking,COMP031,EUR,2021-06-03,12,2601,384087.95
ACC132,Savings,COMP425,EUR,2022-08-21,21,1766,66421.61
ACC133,Checking,COMP133,CAD,2023-12-28,19,2499,170522.51
ACC134,Savings,COMP279,EUR,2023-03-07,25,1889,258513.14
ACC135,Savings,COMP379,CAD,2022-10-10,22,1334,285060.24
ACC136,Savings,COMP319,EUR,2021-04-11,22,2811,64064.91
ACC137,Investment,COMP235,CAD,2023-09-06,14,1337,335136.85
ACC138,Checking,COMP310,USD,2023-06-20,12,2528,167088.07
ACC139,Savings,COMP495,USD,2023-01-04,11,2591,337951.5
ACC140,"",COMP337,USD,2022-01-03,29,1777,369819.35
ACC141,Checking,COMP074,CAD,2023-02-03,14,1895,343382.89
ACC142,Savings,COMP285,EUR,2023-06-30,25,1913,256826.23
ACC143,Investment,COMP241,USD,2021-11-13,20,2706,209158.43
ACC144,Savings,COMP028,CAD,2021-10-22,19,1987,344190.8
ACC145,Savings,COMP405,CAD,2023-11-12,19,2455,8299.1
ACC146,Investment,COMP415,EUR,2021-10-06,12,1910,299953.44
ACC147,Savings,COMP404,CAD,2021-02-16,28,2770,172825.71
ACC148,Savings,COMP108,USD,2022-02-16,12,1049,384921.85
ACC149,Investment,COMP123,USD,2022-11-14,19,2948,57686.32
ACC150,Investment,COMP196,EUR,2023-07-13,22,1173,79744.12
ACC151,Savings,COMP124,EUR,2023-04-29,29,2118,273528.22
ACC152,Savings,COMP193,CAD,2022-10-07,10,1526,34288.28
ACC153,Investment,COMP416,CAD,2021-05-12,25,1734,60964.11
ACC154,Savings,COMP464,USD,2023-03-23,11,2181,305821.29
ACC155,Savings,COMP338,EUR,2021-12-16,19,2546,369681.08
ACC156,Checking,COMP199,EUR,2021-06-07,26,1315,39530.73
ACC157,Investment,COMP018,USD,2022-02-25,20,2736,266653.2
ACC158,Checking,COMP298,USD,2023-05-28,26,2920,291212.39
ACC159,Checking,COMP170,USD,2022-09-11,24,2770,353288.7
ACC160,Savings,COMP340,EUR,2022-01-28,25,1143,335168.34
ACC161,Investment,COMP462,CAD,2021-12-01,15,1102,256853.78
ACC162,Investment,COMP012,EUR,2021-03-28,26,2758,130971.88
ACC163,Savings,COMP184,CAD,2022-05-27,23,1716,294674.64
ACC164,Checking,COMP377,USD,2021-07-22,25,2181,279213.81
ACC165,Investment,COMP450,CAD,2021-11-08,26,2660,393444.9
ACC166,Savings,COMP147,EUR,2023-04-12,20,2843,127497.95
ACC167,Savings,COMP232,EUR,2022-02-09,25,2796,213519.44
ACC168,Savings,COMP280,USD,2022-05-31,17,1573,67828.74
ACC169,Investment,COMP415,EUR,2022-09-10,24,2312,258458.12
ACC170,Checking,COMP448,USD,2021-08-31,25,2462,112985.89
ACC171,Savings,COMP155,EUR,2022-06-17,13,1058,121176.28
ACC172,Checking,COMP292,USD,2021-08-02,11,2114,170185.58
ACC173,Investment,COMP302,EUR,2022-07-27,26,1788,364686.91
ACC174,Savings,COMP246,CAD,2021-12-27,30,1821,69924.42
ACC175,Investment,COMP445,EUR,2022-05-20,25,2868,5799.69
ACC176,Savings,COMP146,CAD,2021-03-08,12,2945,376506.85
ACC177,Savings,COMP179,USD,2023-02-13,28,1817,90985.38
ACC178,Checking,COMP013,USD,2022-09-23,15,2446,81843.1
ACC179,Checking,COMP121,CAD,2021-09-11,21,2132,302250.89
ACC180,Checking,COMP051,EUR,2022-01-27,28,1804,170190.04
ACC181,Savings,COMP082,EUR,2021-01-16,17,1368,160291.98
ACC182,Savings,COMP367,CAD,2023-01-23,27,1245,131783.72
ACC183,Investment,COMP433,USD,2023-09-20,13,1801,364593.74
ACC184,Checking,COMP333,USD,2021-11-22,18,2373,69081.5
ACC185,Checking,COMP194,USD,2023-08-18,11,1875,381292.98
ACC186,Checking,COMP107,CAD,2021-04-26,12,2834,208864.66
ACC187,Investment,COMP093,CAD,2022-08-16,26,1054,277460.1
ACC188,Checking,COMP179,CAD,2022-05-22,27,1822,138678.34
ACC189,Investment,COMP107,EUR,2023-06-13,14,1129,194355.01
ACC190,Investment,COMP137,EUR,2023-12-13,15,1246,381205.79
ACC191,Checking,COMP131,CAD,2021-03-25,10,2826,329639.51
ACC192,Investment,COMP378,USD,2023-12-30,14,2766,151106.33
ACC193,Savings,COMP086,USD,2022-05-16,29,2285,389205.55
ACC194,Checking,COMP452,EUR,2022-03-03,24,2625,289509.91
ACC195,Investment,COMP329,CAD,2021-04-18,13,1837,247663.62
ACC196,Savings,COMP154,CAD,2021-12-16,28,2701,125678.01
ACC197,Checking,COMP103,EUR,2021-04-28,30,1500,260928.81
ACC198,Savings,COMP479,USD,2023-12-14,26,2827,320878.9
ACC199,Investment,COMP221,USD,2023-10-11,17,1416,382762.51
ACC200,Investment,COMP001,CAD,2022-03-27,25,1550,177763.21
ACC201,Investment,COMP425,USD,2021-08-30,25,2964,258824.99
ACC202,Checking,COMP053,CAD,2023-08-05,11,2500,103302.47
ACC203,Savings,COMP279,EUR,2022-03-29,16,2716,235349.16
ACC204,Savings,COMP271,EUR,2021-11-26,21,1092,293880.09
ACC205,Investment,COMP366,USD,2023-03-24,11,1064,17602.69
ACC206,Investment,COMP237,CAD,2022-10-02,26,1854,316896.39
ACC207,Checking,COMP062,EUR,2022-03-06,22,2803,146682.07
ACC208,Savings,COMP146,CAD,2022-07-10,15,1614,373511.45
ACC209,"",COMP492,CAD,2023-08-29,16,2476,171058.85
ACC210,Savings,COMP470,CAD,2022-11-08,22,2774,344451.95
ACC211,Checking,COMP061,EUR,2022-03-03,25,1120,5147.97
ACC212,Checking,COMP012,EUR,2021-08-06,29,1700,44938.71
ACC213,Savings,COMP394,USD,2022-10-25,27,2625,253557.18
ACC214,Investment,COMP216,CAD,2023-11-29,24,1429,17757.95
ACC215,Investment,COMP397,CAD,2021-09-05,13,2612,115594.9
ACC216,Checking,COMP196,CAD,2022-10-27,10,1435,206828.56
ACC217,Checking,COMP147,EUR,2021-05-13,13,2131,49005.11
ACC218,Investment,COMP317,CAD,2021-12-10,27,1321,194334.1
ACC219,Savings,COMP150,USD,2023-01-13,27,2645,168835.38
ACC220,Checking,COMP159,CAD,2021-01-18,25,1828,343108.77
ACC221,Checking,COMP416,USD,2021-07-21,10,2125,238426.38
ACC222,Checking,COMP003,USD,2022-12-01,22,2671,40450.22
ACC223,Investment,COMP214,CAD,2021-06-27,11,1981,399851.43
ACC224,Investment,COMP427,EUR,2023-09-04,23,1117,97947.95
ACC225,Savings,COMP497,CAD,2023-03-07,27,1680,92888.81
ACC226,Savings,COMP430,EUR,2021-08-29,22,1851,88253.16
ACC227,Investment,COMP117,CAD,2022-11-17,27,1974,33539.34
ACC228,Savings,COMP476,EUR,2023-07-11,18,1607,149084.7
ACC229,Savings,COMP203,CAD,2021-12-15,16,2335,76742.33
ACC230,Savings,COMP084,EUR,2021-09-30,23,2275,271782.53
ACC231,Investment,COMP004,USD,2021-03-21,11,2811,123735.93
ACC232,Investment,COMP103,EUR,2023-08-12,29,2618,83062.06
ACC233,Investment,COMP189,CAD,2022-06-29,21,1299,78509.24
ACC234,Investment,COMP396,EUR,2022-04-24,16,2610,322869.01
ACC235,Checking,COMP413,USD,2023-12-07,14,2211,372449.93
ACC236,Investment,COMP113,USD,2021-05-21,14,1606,102710.78
ACC237,Checking,COMP115,EUR,2022-10-30,24,2292,156675.52
ACC238,Savings,COMP267,CAD,2023-08-31,16,1189,309634.27
ACC239,Checking,COMP484,EUR,2022-03-29,22,2950,70669.68
ACC240,Investment,COMP136,USD,2023-09-15,16,2920,307313.55
ACC241,Checking,COMP040,CAD,2022-04-06,22,2365,174885.54
ACC242,Investment,COMP190,USD,2023-02-02,16,1224,258671.77
ACC243,Savings,COMP147,EUR,2021-07-07,11,1464,19758.6
ACC244,Savings,COMP186,EUR,2021-09-17,17,2299,209558.14
ACC245,Checking,COMP014,CAD,2021-05-20,22,2156,171011.28
ACC246,Checking,COMP006,CAD,2022-09-08,17,1088,210590.27
ACC247,Checking,COMP373,CAD,2021-02-05,10,2768,281147.82
ACC248,Savings,COMP407,CAD,2022-12-01,23,1309,13047.21
ACC249,Checking,COMP208,USD,2022-06-01,11,2175,136109.06
ACC250,Checking,COMP270,CAD,2023-05-19,25,2809,265323.96
ACC251,Checking,COMP459,EUR,2022-10-14,28,1695,179866.12
ACC252,Investment,COMP482,CAD,2023-07-24,20,2733,99641.02
ACC253,Checking,COMP383,CAD,2021-06-25,29,2420,271675.96
ACC254,Investment,COMP224,EUR,2023-06-26,20,1347,331502.54
ACC255,Checking,COMP345,CAD,2021-08-25,20,1815,83315.22
ACC256,Savings,COMP216,CAD,2021-03-09,19,1624,217289.36
ACC257,Savings,COMP040,CAD,2021-05-07,16,2698,81440.77
ACC258,Savings,COMP320,EUR,2022-03-23,18,2303,376889.5
ACC259,Checking,COMP185,USD,2023-09-21,16,1543,155463.23
ACC260,Investment,COMP417,USD,2021-12-13,20,2987,133258.9
ACC261,Savings,COMP085,USD,2023-10-06,16,1360,256803.25
ACC262,Checking,COMP367,EUR,2022-06-08,19,1252,99970.62
ACC263,Checking,COMP274,USD,2023-07-09,12,1030,374525.98
ACC264,Savings,COMP238,EUR,2021-05-13,19,2326,25254.82
ACC265,Savings,COMP186,EUR,2023-01-07,28,2646,323587.61
ACC266,Savings,COMP151,EUR,2021-06-25,30,1845,306574.98
ACC267,Investment,COMP446,USD,2023-12-20,30,1069,26505.67
ACC268,Investment,COMP310,CAD,2021-05-26,26,1789,86337.82
ACC269,Savings,COMP396,EUR,2022-05-01,28,2414,166328.88
ACC270,Checking,COMP191,CAD,2023-07-11,25,2894,343473.19
ACC271,Savings,COMP474,EUR,2022-11-13,26,2865,29041.17
ACC272,Investment,COMP034,EUR,2023-11-12,16,2913,350292.14
ACC273,Savings,COMP345,CAD,2023-07-07,25,1491,276307.17
ACC274,Investment,COMP148,CAD,2023-02-17,10,2464,18841.1
ACC275,Checking,COMP094,USD,2022-07-28,22,2127,132033.2
ACC276,Investment,COMP341,EUR,2023-10-29,27,2876,313270.16
ACC277,Investment,COMP222,USD,2021-08-11,13,2252,379962.83
ACC278,Savings,COMP070,EUR,2022-02-19,28,2715,170511.64
ACC279,Checking,COMP003,USD,2021-07-15,25,2302,173634.37
ACC280,Checking,COMP156,USD,2023-03-25,18,1690,263852.94
ACC281,Savings,COMP205,EUR,2023-02-13,26,2783,63947.41
ACC282,Savings,COMP400,CAD,2023-06-14,26,1087,134828.53
ACC283,Savings,COMP028,USD,2023-05-21,18,1280,107696.59
ACC284,Investment,COMP099,CAD,2023-01-10,10,2604,24680.77
ACC285,Savings,COMP013,CAD,2023-03-15,25,1617,204443.56
ACC286,Investment,COMP143,EUR,2021-01-19,28,1341,243378.52
ACC287,Checking,COMP127,EUR,2022-06-10,29,1597,138505.84
ACC288,Investment,COMP436,CAD,2023-11-01,11,1346,11226.11
ACC289,Savings,COMP263,USD,2021-09-17,29,1701,319884.21
ACC290,Investment,COMP042,EUR,2021-07-09,16,1105,339744.36
ACC291,Savings,COMP016,EUR,2021-05-30,21,2189,128747.63
ACC292,Investment,COMP494,EUR,2022-01-22,24,2500,233022.97
ACC293,Savings,COMP054,EUR,2021-05-29,20,1062,317570.09
ACC294,Investment,COMP478,USD,2021-12-16,22,1292,59988.87
ACC295,Savings,COMP292,USD,2021-12-28,18,2050,182070.39
ACC296,Checking,COMP131,CAD,2021-05-26,19,2827,254627.42
ACC297,Savings,COMP084,CAD,2023-12-31,13,1173,359287.55
ACC298,Investment,COMP439,USD,2021-03-11,10,1968,143728.27
ACC299,Checking,COMP387,CAD,2023-07-15,"",1277,137474.54
ACC300,Checking,COMP004,CAD,2023-08-05,25,2466,194292.16
ACC301,Investment,COMP345,EUR,2023-12-17,11,2773,103431.42
ACC302,Investment,COMP109,EUR,2021-02-05,22,1451,142696.72
ACC303,Investment,COMP417,USD,2023-10-07,16,2126,-44814.03
ACC304,Savings,COMP142,USD,2023-05-12,27,1253,8042.08
ACC305,Checking,COMP046,USD,2022-11-07,16,2965,355797.37
ACC306,Checking,COMP405,EUR,2021-10-23,28,2957,215379.0
ACC307,Checking,COMP322,CAD,2022-06-13,14,1058,95190.02
ACC308,Checking,COMP272,CAD,2023-05-20,16,2415,363436.23
ACC309,Checking,COMP468,CAD,2022-08-26,26,1298,217736.96
ACC310,Savings,COMP140,USD,2022-10-26,26,2361,90274.61
ACC311,Investment,COMP429,EUR,2021-03-26,"",1189,-334848.92
ACC312,Savings,COMP372,USD,2023-06-24,26,1828,52016.71
ACC313,Checking,COMP223,EUR,2023-04-25,17,2391,299844.1
ACC314,Checking,COMP364,CAD,2022-12-30,26,2012,282731.85
ACC315,Savings,COMP275,USD,2023-10-02,20,1653,127385.14
ACC316,Checking,COMP021,EUR,2022-08-15,25,1013,183772.7
ACC317,Checking,COMP335,EUR,2021-09-08,11,1562,32840.4
ACC318,Savings,COMP219,USD,2022-01-18,20,2926,255711.42
ACC319,Investment,COMP082,USD,2022-02-26,17,2136,262588.96
ACC320,Investment,COMP216,CAD,2022-10-01,22,1444,15246.99
ACC321,Checking,COMP296,EUR,2021-06-01,19,2873,180652.92
ACC322,Checking,COMP080,EUR,2023-11-15,19,2472,180501.74
ACC323,Savings,COMP124,USD,2022-11-07,14,2915,383159.74
ACC324,Checking,COMP487,CAD,2021-02-04,20,2071,43879.67
ACC325,Savings,COMP326,EUR,2021-02-05,21,2289,282824.58
ACC326,Checking,COMP011,EUR,2021-03-01,19,1728,303342.38
ACC327,Checking,COMP039,CAD,2021-10-31,28,1432,308246.27
ACC328,Savings,COMP390,EUR,2022-01-22,16,2316,340302.46
ACC329,Checking,COMP364,CAD,2023-12-11,30,1288,333393.84
ACC330,Savings,COMP246,EUR,2021-11-10,28,"",288187.72
ACC331,Savings,COMP283,USD,2022-10-20,25,"",381282.94
ACC332,Savings,COMP224,USD,2021-06-16,26,1068,396032.8
ACC333,Savings,COMP166,EUR,2021-04-03,30,2704,299971.22
ACC334,Checking,COMP260,CAD,2023-03-01,13,1624,42922.42
ACC335,Investment,COMP400,EUR,2021-06-14,30,1872,46200.09
ACC336,Savings,COMP280,USD,2021-06-05,17,2258,196717.01
ACC337,Savings,COMP387,CAD,2022-02-16,17,2945,104886.51
ACC338,Checking,COMP138,EUR,2022-10-07,25,1583,133559.53
ACC339,Checking,COMP457,EUR,2021-12-07,19,1957,17253.0
ACC340,Checking,COMP333,EUR,2023-10-14,30,1425,149833.6
ACC341,Savings,COMP076,EUR,2023-11-01,10,2456,327509.05
ACC342,Checking,COMP106,EUR,2022-11-27,24,1473,161916.99
ACC343,Investment,COMP166,EUR,2022-02-09,26,1544,226923.14
ACC344,Investment,COMP343,USD,2023-11-14,10,2310,215390.14
ACC345,Savings,COMP409,CAD,2023-04-28,23,2092,243612.25
ACC346,Savings,COMP090,CAD,2022-11-26,15,1713,58728.36
ACC347,Checking,COMP276,EUR,2021-09-04,29,1712,77290.44
ACC348,Checking,COMP380,EUR,2023-07-30,30,2002,204289.42
ACC349,Investment,COMP032,CAD,2021-10-02,30,2797,124983.91
ACC350,Checking,COMP455,EUR,2023-09-13,21,1835,309457.54
ACC351,Investment,COMP407,CAD,2023-06-09,15,2536,201580.84
ACC352,Checking,COMP315,EUR,2022-01-09,12,1533,6719.0
ACC353,Investment,COMP093,USD,2021-08-22,15,1107,372171.54
ACC354,Investment,COMP156,CAD,2023-05-26,10,2086,118875.81
ACC355,Savings,COMP245,EUR,2023-04-22,21,1931,126469.61
ACC356,Savings,COMP078,EUR,2023-01-03,17,2835,64260.99
ACC357,Savings,COMP295,CAD,2021-12-28,13,1314,204971.25
ACC358,Checking,COMP139,CAD,2023-01-20,10,2065,173153.83
ACC359,Savings,COMP455,CAD,2022-02-28,20,1253,85703.19
ACC360,Investment,COMP455,USD,2023-04-26,13,1391,284224.3
ACC361,Checking,COMP409,USD,2022-08-26,18,2383,151491.69
ACC362,Savings,COMP199,CAD,2023-03-07,21,1104,316259.53
ACC363,Investment,COMP056,EUR,2023-10-12,27,2418,339967.98
ACC364,Savings,COMP223,USD,2023-07-06,27,2718,182610.22
ACC365,Checking,COMP331,USD,2021-04-30,23,1791,75770.04
ACC366,Checking,COMP187,CAD,2021-07-21,25,2603,327551.84
ACC367,Savings,COMP493,CAD,2022-08-27,20,2984,268180.68
ACC368,Investment,COMP297,CAD,2021-07-01,25,2655,97226.67
ACC369,Savings,COMP296,CAD,2022-11-09,11,2322,153034.65
ACC370,Savings,COMP134,CAD,2023-08-01,10,2389,166684.72
ACC371,Investment,COMP346,CAD,2022-04-30,28,2444,176834.84
ACC372,Savings,COMP203,USD,2022-05-19,14,2502,90156.85
ACC373,Savings,COMP417,CAD,2021-01-07,19,2272,183686.01
ACC374,Checking,COMP065,CAD,2022-05-13,28,1492,233247.48
ACC375,Savings,COMP284,USD,2023-09-02,21,2161,57051.97
ACC376,Investment,COMP257,EUR,2022-11-02,18,2755,56951.12
ACC377,Savings,COMP414,USD,2022-02-18,28,2448,321021.47
ACC378,Checking,COMP278,CAD,2022-03-29,24,1952,348292.84
ACC379,Checking,COMP357,EUR,2023-12-27,10,2691,168218.45
ACC380,Savings,COMP029,CAD,2023-06-18,30,1329,202666.91
ACC381,Investment,COMP274,CAD,2021-08-15,12,1656,223928.71
ACC382,Investment,COMP294,USD,2021-02-07,23,2123,93698.68
ACC383,Savings,COMP472,USD,2022-10-07,19,2654,210305.63
ACC384,Checking,COMP456,EUR,2023-04-16,28,2466,103085.91
ACC385,Savings,COMP239,CAD,2022-01-08,12,2625,81594.43
ACC386,Checking,COMP034,USD,2021-07-17,30,2432,211330.07
ACC387,Investment,COMP441,USD,2023-05-03,24,1778,19572.38
ACC388,Checking,COMP148,CAD,2021-04-17,30,1720,355466.28
ACC389,Investment,COMP438,CAD,2023-05-09,21,2400,108474.26
ACC390,Investment,COMP387,USD,2021-05-01,29,2771,102754.23
ACC391,Investment,COMP050,USD,2021-01-26,30,2956,46840.73
ACC392,Investment,COMP444,USD,2022-11-23,23,1706,301790.44
ACC393,Checking,COMP082,USD,2022-11-11,11,2021,260483.41
ACC394,Savings,COMP161,CAD,2023-04-20,27,2712,267059.2
ACC395,Investment,COMP227,EUR,2023-10-10,20,2911,233185.75
ACC396,Checking,COMP197,EUR,2021-03-15,29,1139,92199.95
ACC397,Investment,COMP421,CAD,2022-03-24,25,2599,392064.59
ACC398,Checking,COMP018,EUR,2022-11-06,29,2203,318621.55
ACC399,Investment,COMP120,USD,2022-04-15,16,1530,327249.21
ACC400,Checking,COMP448,CAD,2022-05-03,27,1466,288530.25
ACC401,Savings,COMP353,CAD,2023-03-12,30,1698,228251.31
ACC402,Checking,COMP086,CAD,2021-06-16,15,2179,199627.24
ACC403,Checking,COMP009,EUR,2023-05-08,29,2577,309000.09
ACC404,Savings,COMP323,CAD,2021-02-19,24,1681,267128.69
ACC405,Savings,COMP080,CAD,2022-09-22,13,1647,45490.89
ACC406,Investment,COMP209,EUR,2022-05-11,25,2005,-87628.18
ACC407,Investment,COMP378,CAD,2021-11-22,24,2033,383503.89
ACC408,Savings,COMP201,EUR,2021-11-17,20,1642,224448.87
ACC409,Investment,COMP278,EUR,2021-07-23,19,2529,13257.59
ACC410,Investment,COMP430,EUR,2021-11-21,18,2127,334579.87
ACC411,Checking,COMP094,CAD,2021-05-10,14,1915,83248.5
ACC412,Savings,COMP346,EUR,2021-07-04,28,2872,37470.28
ACC413,Investment,COMP008,USD,2022-04-01,19,1882,94877.01
ACC414,Investment,COMP361,USD,2023-09-19,13,2659,354473.17
ACC415,Investment,COMP242,EUR,2022-10-20,19,2195,117195.26
ACC416,Investment,COMP460,EUR,2023-11-19,30,1940,54892.51
ACC417,Investment,COMP012,EUR,2023-09-16,19,1193,21432.42
ACC418,Savings,COMP410,USD,2022-01-08,23,1478,313902.45
ACC419,Investment,COMP029,CAD,2023-04-20,16,2024,349425.91
ACC420,Checking,COMP053,EUR,2021-02-08,19,1722,366973.8
ACC421,Savings,COMP270,CAD,2022-12-25,16,1013,89825.51
ACC422,Checking,COMP416,EUR,2022-05-31,13,1880,26965.77
ACC423,Checking,COMP027,EUR,2022-06-26,24,2279,329612.08
ACC424,Checking,COMP230,EUR,2022-07-16,23,2054,307773.72
ACC425,Checking,COMP056,CAD,2021-01-02,22,2670,353484.09
ACC426,Savings,COMP113,CAD,2023-08-23,11,1750,399715.24
ACC427,Checking,COMP125,USD,2023-10-08,24,1309,396087.22
ACC428,Savings,COMP441,EUR,2023-06-19,20,2744,291930.73
ACC429,Investment,COMP445,USD,2023-05-15,24,1886,266844.78
ACC430,Investment,COMP138,CAD,2021-03-21,19,1704,111136.71
ACC431,Investment,COMP431,EUR,2023-09-23,30,2476,272932.58
ACC432,Savings,COMP311,USD,2021-10-31,26,2782,26972.17
ACC433,Investment,COMP370,CAD,2022-11-29,11,1287,329731.49
ACC434,Checking,COMP407,CAD,2022-06-05,23,2048,385302.49
ACC435,Checking,COMP095,USD,2023-04-18,18,2463,378912.64
ACC436,Checking,COMP089,CAD,2021-01-10,26,2143,257521.8
ACC437,Savings,COMP047,EUR,2021-06-03,27,2264,8424.18
ACC438,Savings,COMP340,EUR,2023-06-05,13,1508,96218.85
ACC439,Checking,COMP438,CAD,2022-11-20,30,1578,40659.08
ACC440,Savings,COMP221,USD,2023-07-23,20,1789,298395.39
ACC441,Checking,COMP257,USD,2022-10-13,11,2397,178568.11
ACC442,Investment,COMP300,USD,2021-11-04,17,1793,48224.49
ACC443,Checking,COMP027,EUR,2023-05-16,21,2330,356661.03
ACC444,Checking,COMP328,EUR,2023-10-15,13,2282,213891.15
ACC445,Savings,COMP112,USD,2023-03-30,22,2911,135728.86
ACC446,Investment,COMP157,USD,2023-04-08,11,2736,185344.49
ACC447,Checking,COMP069,CAD,2021-12-13,15,2676,104799.94
ACC448,Savings,COMP376,USD,2023-12-21,20,2107,54981.06
ACC449,Savings,COMP132,EUR,2022-11-20,30,1017,318175.83
ACC450,Savings,COMP368,USD,2023-12-09,10,1082,99532.42
ACC451,Checking,COMP096,USD,2021-11-12,25,1058,351005.63
ACC452,Checking,COMP472,USD,2021-01-31,30,1648,161986.22
ACC453,Savings,COMP144,USD,2021-07-30,26,2741,166923.15
ACC454,Investment,COMP164,EUR,2023-03-14,14,2967,343750.76
ACC455,Savings,COMP309,EUR,2021-06-11,13,2164,398593.15
ACC456,Checking,COMP314,USD,2021-05-28,11,1294,71378.92
ACC457,Savings,COMP190,USD,2022-10-26,27,1747,12736.03
ACC458,Checking,COMP074,USD,2023-01-28,17,1275,269091.76
ACC459,Checking,COMP042,USD,2022-03-20,24,2556,364520.53
ACC460,Savings,COMP069,CAD,2023-03-17,23,2786,285730.96
ACC461,Investment,COMP185,EUR,2022-11-02,13,1271,228953.9
ACC462,Investment,COMP491,USD,2023-06-08,13,1912,293267.01
ACC463,Investment,COMP491,CAD,2021-02-13,17,1148,306598.12
ACC464,Checking,COMP082,CAD,2023-07-18,30,2954,317757.17
ACC465,Savings,COMP155,CAD,2023-11-15,14,2507,277629.01
ACC466,Checking,COMP131,USD,2021-03-14,12,2602,385782.18
ACC467,Checking,COMP229,EUR,2021-09-08,30,1798,177187.88
ACC468,Checking,COMP221,CAD,2021-12-25,28,2924,168805.12
ACC469,Investment,COMP470,USD,2021-01-25,14,1147,304619.8
ACC470,Investment,COMP097,USD,2022-02-24,15,2009,202808.32
ACC471,Savings,COMP119,CAD,2021-04-05,18,1549,25542.95
ACC472,Checking,COMP432,CAD,2022-10-27,15,2920,51159.38
ACC473,Checking,COMP380,CAD,2021-12-30,27,1039,31985.02
ACC474,Investment,COMP163,EUR,2022-11-02,16,1432,37820.25
ACC475,Investment,COMP263,CAD,2023-05-04,19,2502,41974.1
ACC476,Investment,COMP023,EUR,2022-01-12,16,2840,177644.78
ACC476,Savings,COMP252,EUR,2023-04-30,28,1170,374329.48
ACC478,Savings,COMP155,USD,2023-07-29,25,2008,243637.17
ACC479,Savings,COMP049,EUR,2023-04-22,28,2246,88302.37
ACC480,Checking,COMP460,USD,2022-03-22,28,1189,383976.52
ACC481,Investment,COMP459,CAD,2023-06-18,18,1535,68737.85
ACC482,Investment,COMP129,USD,2021-08-01,11,1424,154798.37
ACC483,Investment,COMP196,EUR,2023-01-16,22,1995,155735.39
ACC484,Checking,COMP098,USD,2022-09-15,20,1540,133236.84
ACC485,Checking,COMP108,CAD,2021-10-05,27,1947,125496.96
ACC486,Checking,COMP452,CAD,2022-01-27,11,1817,192037.94
ACC487,Checking,COMP008,CAD,2021-04-17,13,2003,255165.8
ACC488,Investment,COMP119,USD,2021-12-21,17,1156,283725.39
ACC489,Savings,COMP300,USD,2022-04-28,20,2391,259055.61
ACC490,Checking,COMP410,CAD,2021-06-13,"",1315,10468.14
ACC491,Savings,COMP282,CAD,2021-11-28,25,1916,197148.55
ACC492,Savings,COMP222,USD,2021-07-20,26,2751,222539.78
ACC493,Checking,COMP279,USD,2022-10-28,21,2846,319146.39
ACC494,Checking,COMP046,USD,2022-06-07,11,2107,363423.5
ACC495,Savings,COMP043,CAD,2022-12-02,10,1530,272414.41
ACC496,Savings,COMP272,CAD,2021-09-10,22,1535,380602.85
ACC497,Checking,COMP074,CAD,2023-06-20,30,1110,203153.64
ACC498,Checking,COMP145,EUR,2022-12-14,17,2614,73081.84
ACC499,Investment,COMP131,EUR,2022-08-06,17,2194,218679.55
ACC500,Checking,COMP381,CAD,2023-07-05,11,2536,382923.18
ACC666,Investment,COMP666,USD,2022-12-08,26,1291,339098.58
